{
  "Working Directory" : "\/Users\/raefarine",
  "Prompt Before Closing 2" : 1,
  "Selected Text Color" : {
    "Green Component" : 0.24950546026229858,
    "Red Component" : 0.24626246094703674,
    "Blue Component" : 0.25668647885322571
  },
  "Rows" : 25,
  "Ansi 11 Color" : {
    "Green Component" : 0.92321735620498657,
    "Red Component" : 1,
    "Blue Component" : 0.38433974981307983
  },
  "Use Italic Font" : true,
  "Foreground Color" : {
    "Red Component" : 0.69803921568627447,
    "Color Space" : "sRGB",
    "Blue Component" : 0.69803921568627447,
    "Alpha Component" : 1,
    "Green Component" : 0.69803921568627447
  },
  "Right Option Key Sends" : 0,
  "Character Encoding" : 4,
  "Selection Color" : {
    "Green Component" : 0.91148865222930908,
    "Red Component" : 0.8929295539855957,
    "Blue Component" : 0.93112045526504517
  },
  "Blend" : 0.47972374355670105,
  "Mouse Reporting" : true,
  "Cursor Boost" : 0.087713068181818177,
  "Ansi 4 Color" : {
    "Red Component" : 0.52941176470588236,
    "Color Space" : "sRGB",
    "Blue Component" : 1,
    "Alpha Component" : 1,
    "Green Component" : 0.84313725490196079
  },
  "Non-ASCII Anti Aliased" : true,
  "Sync Title" : false,
  "Disable Window Resizing" : true,
  "Description" : "Default",
  "Close Sessions On End" : true,
  "Jobs to Ignore" : [
    "rlogin",
    "ssh",
    "slogin",
    "telnet"
  ],
  "Scrollback Lines" : 1000,
  "Draw Powerline Glyphs" : true,
  "Flashing Bell" : false,
  "Cursor Guide Color" : {
    "Red Component" : 0.68627450980392157,
    "Color Space" : "sRGB",
    "Blue Component" : 0.84313725490196079,
    "Alpha Component" : 0.17647058823529413,
    "Green Component" : 0.68627450980392157
  },
  "BM Growl" : true,
  "Ansi 3 Color" : {
    "Red Component" : 0.84313725490196079,
    "Color Space" : "sRGB",
    "Blue Component" : 0.68627450980392157,
    "Alpha Component" : 1,
    "Green Component" : 0.84313725490196079
  },
  "Use Non-ASCII Font" : false,
  "Link Color" : {
    "Red Component" : 0.68627450980392157,
    "Color Space" : "sRGB",
    "Blue Component" : 0.52941176470588236,
    "Alpha Component" : 1,
    "Green Component" : 0.84313725490196079
  },
  "Shortcut" : "",
  "Background Image Location" : "",
  "Bold Color" : {
    "Green Component" : 0.9264177680015564,
    "Red Component" : 0.92623984813690186,
    "Blue Component" : 0.92621010541915894
  },
  "Use Cursor Guide" : true,
  "Unlimited Scrollback" : false,
  "Custom Command" : "No",
  "Keyboard Map" : {
    "0xf700-0x260000" : {
      "Action" : 10,
      "Text" : "[1;6A"
    },
    "0x37-0x40000" : {
      "Action" : 11,
      "Text" : "0x1f"
    },
    "0x32-0x40000" : {
      "Action" : 11,
      "Text" : "0x00"
    },
    "0xf709-0x20000" : {
      "Action" : 10,
      "Text" : "[17;2~"
    },
    "0xf70c-0x20000" : {
      "Action" : 10,
      "Text" : "[20;2~"
    },
    "0xf729-0x20000" : {
      "Action" : 10,
      "Text" : "[1;2H"
    },
    "0xf72b-0x40000" : {
      "Action" : 10,
      "Text" : "[1;5F"
    },
    "0xf705-0x20000" : {
      "Action" : 10,
      "Text" : "[1;2Q"
    },
    "0xf703-0x260000" : {
      "Action" : 10,
      "Text" : "[1;6C"
    },
    "0xf700-0x220000" : {
      "Action" : 10,
      "Text" : "[1;2A"
    },
    "0xf701-0x280000" : {
      "Action" : 11,
      "Text" : "0x1b 0x1b 0x5b 0x42"
    },
    "0x38-0x40000" : {
      "Action" : 11,
      "Text" : "0x7f"
    },
    "0x33-0x40000" : {
      "Action" : 11,
      "Text" : "0x1b"
    },
    "0xf703-0x220000" : {
      "Action" : 10,
      "Text" : "[1;2C"
    },
    "0xf701-0x240000" : {
      "Action" : 10,
      "Text" : "[1;5B"
    },
    "0xf70d-0x20000" : {
      "Action" : 10,
      "Text" : "[21;2~"
    },
    "0xf702-0x260000" : {
      "Action" : 10,
      "Text" : "[1;6D"
    },
    "0xf729-0x40000" : {
      "Action" : 10,
      "Text" : "[1;5H"
    },
    "0xf706-0x20000" : {
      "Action" : 10,
      "Text" : "[1;2R"
    },
    "0x34-0x40000" : {
      "Action" : 11,
      "Text" : "0x1c"
    },
    "0xf700-0x280000" : {
      "Action" : 11,
      "Text" : "0x1b 0x1b 0x5b 0x41"
    },
    "0x2d-0x40000" : {
      "Action" : 11,
      "Text" : "0x1f"
    },
    "0xf70e-0x20000" : {
      "Action" : 10,
      "Text" : "[23;2~"
    },
    "0xf702-0x220000" : {
      "Action" : 10,
      "Text" : "[1;2D"
    },
    "0xf703-0x280000" : {
      "Action" : 11,
      "Text" : "0x1b 0x1b 0x5b 0x43"
    },
    "0xf700-0x240000" : {
      "Action" : 10,
      "Text" : "[1;5A"
    },
    "0xf707-0x20000" : {
      "Action" : 10,
      "Text" : "[1;2S"
    },
    "0xf70a-0x20000" : {
      "Action" : 10,
      "Text" : "[18;2~"
    },
    "0x35-0x40000" : {
      "Action" : 11,
      "Text" : "0x1d"
    },
    "0xf70f-0x20000" : {
      "Action" : 10,
      "Text" : "[24;2~"
    },
    "0xf703-0x240000" : {
      "Action" : 10,
      "Text" : "[1;5C"
    },
    "0xf701-0x260000" : {
      "Action" : 10,
      "Text" : "[1;6B"
    },
    "0xf702-0x280000" : {
      "Action" : 11,
      "Text" : "0x1b 0x1b 0x5b 0x44"
    },
    "0xf72b-0x20000" : {
      "Action" : 10,
      "Text" : "[1;2F"
    },
    "0x36-0x40000" : {
      "Action" : 11,
      "Text" : "0x1e"
    },
    "0xf708-0x20000" : {
      "Action" : 10,
      "Text" : "[15;2~"
    },
    "0xf701-0x220000" : {
      "Action" : 10,
      "Text" : "[1;2B"
    },
    "0xf70b-0x20000" : {
      "Action" : 10,
      "Text" : "[19;2~"
    },
    "0xf702-0x240000" : {
      "Action" : 10,
      "Text" : "[1;5D"
    },
    "0xf704-0x20000" : {
      "Action" : 10,
      "Text" : "[1;2P"
    }
  },
  "Ansi 14 Color" : {
    "Red Component" : 0,
    "Color Space" : "sRGB",
    "Blue Component" : 0.84313725490196079,
    "Alpha Component" : 1,
    "Green Component" : 0.68627450980392157
  },
  "Ansi 2 Color" : {
    "Red Component" : 0.84313725490196079,
    "Color Space" : "sRGB",
    "Blue Component" : 0.52941176470588236,
    "Alpha Component" : 1,
    "Green Component" : 0.84313725490196079
  },
  "Send Code When Idle" : false,
  "ASCII Anti Aliased" : true,
  "Tags" : [

  ],
  "Ansi 9 Color" : {
    "Red Component" : 0.84313725490196079,
    "Color Space" : "sRGB",
    "Blue Component" : 0.37254901960784315,
    "Alpha Component" : 1,
    "Green Component" : 0.37254901960784315
  },
  "Use Bold Font" : true,
  "Silence Bell" : false,
  "Ansi 12 Color" : {
    "Red Component" : 0,
    "Color Space" : "sRGB",
    "Blue Component" : 0.84313725490196079,
    "Alpha Component" : 1,
    "Green Component" : 0.68627450980392157
  },
  "Window Type" : 0,
  "Use Bright Bold" : true,
  "Cursor Text Color" : {
    "Green Component" : 0.15575926005840302,
    "Red Component" : 0,
    "Blue Component" : 0.19370138645172119
  },
  "Default Bookmark" : "No",
  "Cursor Color" : {
    "Red Component" : 0.84313725490196079,
    "Color Space" : "sRGB",
    "Blue Component" : 0.37254901960784315,
    "Alpha Component" : 1,
    "Green Component" : 0.37254901960784315
  },
  "Ansi 1 Color" : {
    "Red Component" : 0.84313725490196079,
    "Color Space" : "sRGB",
    "Blue Component" : 0.52941176470588236,
    "Alpha Component" : 1,
    "Green Component" : 0.52941176470588236
  },
  "Name" : "Bubblegum",
  "Blinking Cursor" : true,
  "Guid" : "280666A9-8552-45E7-AE34-6DD070F43AA7",
  "Idle Code" : 0,
  "Ansi 10 Color" : {
    "Red Component" : 0.68627450980392157,
    "Color Space" : "sRGB",
    "Blue Component" : 0.52941176470588236,
    "Alpha Component" : 1,
    "Green Component" : 0.84313725490196079
  },
  "Ansi 8 Color" : {
    "Red Component" : 0.14901960784313725,
    "Color Space" : "sRGB",
    "Blue Component" : 0.14901960784313725,
    "Alpha Component" : 1,
    "Green Component" : 0.14901960784313725
  },
  "Badge Color" : {
    "Red Component" : 1,
    "Color Space" : "sRGB",
    "Blue Component" : 0,
    "Alpha Component" : 0.5,
    "Green Component" : 0.1491314172744751
  },
  "Smart Cursor Color" : false,